year,title,authors,publication,link,category,demo,data,software,pageCategory,download,downloadName,downloadDescription,downloadLink,downloadDate,downloadLinkNames,new
2016,Building a Motivational Interviewing Dataset,"Verónica Pérez-Rosas, Rada Mihalcea, Kenneth Resnicow, Lawrence An, Satinder Singh","NAACL Workshop on Clinical Psychology, 2016",http://web.eecs.umich.edu/~mihalcea/papers/perezrosas.clpsych16.pdf,Motivational Interviewing,,,,LIT,FALSE,,,,,,FALSE
2016,"SemEval-2016 Task 1: Semantic Textual Similarity, Monolingual and Cross-Lingual Evaluation","Eneko Agirre, Carmen Banea, Daniel Cer, Mona Diab, Aitor Gonzalez-Agirre, Rada Mihalcea, German Rigau, Janyce Wiebe","SemEval Workshop on Semantic Evaluation Exercises, 2016",http://web.eecs.umich.edu/~mihalcea/papers/agirre.semeval16.pdf,Semantics,,,,LIT,FALSE,,,,,,FALSE
2016,Building a Dataset for Possessions Identification in Text,"Carmen Banea, Xi Chen, Rada Mihalcea","11th Language Resources and Evaluation Conference (LREC), 2016",http://www.lrec-conf.org/proceedings/lrec2016/pdf/1105_Paper.pdf,Other,,,,LIT,FALSE,,,,,,FALSE
2016,Analyzing Thermal and Visual Clues of Deception for a Non-Contact Deception Detection Approach,"Mohamed Abouelenien, Rada Mihalcea, Mihai Burzo","9th ACM Conference on PErvasive Technologies Related to Assistive Environments (PETRA), 2016",http://web.eecs.umich.edu/~mihalcea/papers/abouelenien.petra16deception.pdf,Deception Detection,,,,LIT,FALSE,,,,,,FALSE
2016,Human Acute Stress Detection via Integration of Physiological Signals and Thermal Imaging,"Mohamed Abouelenien, Mihai Burzo, Rada Mihalcea","9th ACM Conference on PErvasive Technologies Related to Assistive Environments (PETRA), 2016",http://web.eecs.umich.edu/~mihalcea/papers/abouelenien.petra16stress.pdf,Deception Detection,,,,LIT,FALSE,,,,,,FALSE
2016,Finding Optimists and Pessimists on Twitter,"Xianzhi Ruan, Steven Wilson, Rada Mihalcea","54th Annual Meeting of the Association for Computational Linguistics (ACL), 2016",http://web.eecs.umich.edu/~mihalcea/papers/ruan.acl16.pdf,Computational Social Science,,,,LIT,TRUE,Twitter Optimism Dataset,Tweets annotated by five raters for the perceived level of optimism or pessimism. Also contains additional tweets from the users whose tweets were annotated and user profile information.,http://lit.eecs.umich.edu/wp-content/uploads/2016/06/optimism-twitter-data.zip,"June 20, 2016",,TRUE
2016,Cultural Influences on the Measurement of Psychological Phenomena: Value-behavior Relationships in India and the United States,"Steven Wilson, Ryan Boyd, Rada Mihalcea, James Pennebaker",International Conference on Computational Social Science,,Computational Social Science,,,,LIT,FALSE,,,,,,FALSE
2016,"What Men Say, What Women Hear: Finding Gender-Specific Meaning Shades","Rada Mihalcea, Aparna Garimella",IEEE Magazine on Intelligent Systems,,Women and Technology,,,,LIT,FALSE,,,,,,FALSE
2016,Advances in Motivational Interviewing for Pediatric Obesity Results of the Brief Motivational Interviewing to Reduce Body Mass Index Trial and Future Directions,"Ken Resnicow, Robert P. Schwartz, Linda Snetselaar, Donna Harris, Verónica Pérez-Rosas, Richard Wasserman, Rada Mihalcea",New Directions in Behavioral Intervention Development for Pediatric Obesity,,Motivational Interviewing,,,,LIT,FALSE,,,,,,FALSE
2016,What’s Hot in Human Language Technology: Highlights from NAACL HLT 2015,"Joyce Y. Chai, Anoop Sarkar, Rada Mihalcea","30th AAAI Conference on Artificial Intelligence, 2016",http://www.aaai.org/ocs/index.php/AAAI/AAAI16/paper/download/12552/12277,Computational Social Science,,,,LIT,FALSE,,,,,,FALSE
2016,Cultural Influences on the Measurement of Personal Values through Words,"Steven R. Wilson, Rada Mihalcea, Ryan L. Boyd, James W. Pennebaker","AAAI Spring Symposium Series, 2016",http://www.aaai.org/ocs/index.php/SSS/SSS16/paper/download/12774/11946,Computational Social Science,,,,LIT,FALSE,,,,,,FALSE
2016,Left-Handed or Right-Handed? A Data-Driven Approach to Analysing Characteristics of Handedness based on Language Use,"Ho-gene Choe, Rada Mihalcea","AAAI Spring Symposium Series, 2016",http://www.aaai.org/ocs/index.php/SSS/SSS16/paper/viewFile/12717/11943,Computational Social Science,,,,LIT,FALSE,,,,,,FALSE
2015,Women in Mechanical Engineering: The Gender (Im) balance by the Numbers,"Rada Mihalcea, Pallavi Moghe, Mihai Burzo","ASME International Mechanical Engineering Congress and Exposition, 2015",,Women and Technology,,,,"LIT, Girls Encoded",FALSE,,,,,,FALSE
2015,Trimodal Analysis of Deceptive Behavior,"Mohamed Abouelenien, Rada Mihalcea, Mihai Burzo","ACM Workshop on Multimodal Deception Detection (WMDD), 2015",,Deception Detection,,,,LIT,FALSE,,,,,,FALSE
2015,Deception Detection Using Real-life Trial Data,"Verónica Pérez-Rosas, Mohamed Abouelenien, Rada Mihalcea, Mihai Burzo","17th ACM International Conference on Multimodal Interaction (ICMI), 2015",,Deception Detection,,,,LIT,TRUE,Real-life Deception,"A multimodal dataset consisting of real-life deception: deceptive and truthful trial testimonies, manually transcribed and annotated. The dataset includes 121 short videos, along with their transcriptions and gesture annotations.",http://web.eecs.umich.edu/~mihalcea/downloads/RealLifeDeceptionDetection.2016.zip,"June 15, 2016",,TRUE
2015,A Survey of Graphs in Natural Language Processing,"Vivi Nastase, Rada Mihalcea, Dragomir Radev",Natural Language Engineering 21.05 (2015): 665-698,,Graph-based NLP,,,,LIT,FALSE,,,,,,FALSE
2015,Cascaded Multimodal Analysis of Alertness Related Features for Drivers Safety Applications,"Mohamed Abouelenien, Mihai Burzo, Rada Mihalcea","8th ACM International Conference on PErvasive Technologies Related to Assistive Environments (PETRA), 2015",http://web.eecs.umich.edu/~mihalcea/papers/abouelenien.petra15.pdf,Other,,,,LIT,FALSE,,,,,,FALSE
2015,Using Word Semantics To Assist English as a Second Language Learners,"Mahmoud Azab, Chris Hokamp, Rada Mihalcea","NAACL-HLT, 2015",http://www.anthology.aclweb.org/N/N15/N15-3024.pdf,Semantics,,,,LIT,FALSE,,,,,,FALSE
2015,Values in Words: Using Language to Evaluate and Understand Personal Values,"Ryan L. Boyd*, Steven R. Wilson*, James W. Pennebaker, Michal Kosinski, David J. Stillwell, Rada Mihalcea (* = equal contributions)","9th International AAAI Conference on Web and Social Media, 2015",https://4f46691c-a-dbcb5f65-s-sites.googlegroups.com/a/michalkosinski.com/michalkosinski/boyd.pdf?attachauth=ANoY7crdgzH9YJX97IpaX6dmqtn0wcclRlghBdWsZnyuVLujmvnrKGXCXnFzmYLQOib99U5VhpNgzk_gjr6gE5f4qAFwOQDLkNWLosvHL9z33_P_tLXUFmQFXcBCektFgKFAAQLdWI0YyKMm0IKTU90xp4Qp4Ynrl8ezVtZoquIdaZy0FPPFYsOGCTNUyYrwSxi3TE9NyxUhjkwcUEv0VUYzI2g4XXSwiQ%3D%3D&attredirects=0,Computational Social Science,,,,LIT,FALSE,,,,,,FALSE
2015,What Women Want: Analyzing Research Publications to Understand Gender Preferences in Computer Science,"Rada Mihalcea, Charles Welch","Workshops at the Twenty-Ninth AAAI Conference on Artificial Intelligence, 2015",http://www.aaai.org/ocs/index.php/WS/AAAIW15/paper/download/10087/10242,Women and Technology,,,,"LIT, Girls Encoded",FALSE,,,,,,FALSE
2015,Mining Semantic Affordances of Visual Object Categories,"Yu-Wei Chao, Zhan Wang, Rada Mihalcea, Jia Deng","IEEE Conference on Computer Vision and Pattern Recognition (CVPR), 2015",http://www.cv-foundation.org/openaccess/content_cvpr_2015/html/Chao_Mining_Semantic_Affordances_2015_CVPR_paper.html,"Images and Text, Semantics",,,,LIT,TRUE,Semantic Affordances,"A crowdsourced dataset consisting of ground truth affordances on 20 PASCAL VOC object classes and 957 action classes. Given an object (noun), we identify whether an action (verb) can be performed on it. This is equivalent to connecting verb nodes and noun nodes in WordNet, or filling an affordance matrix encoding the plausibility of each action-object pair.",http://web.eecs.umich.edu/~mihalcea/downloads/SemanticAffordances.2015.tar.gz,"June 15, 2016",,TRUE
2015,Experiments in Open Domain Deception Detection,"Verónica Pérez-Rosas, Rada Mihalcea","Conference on Empirical Methods in Natural Language Processing (EMNLP), 2015",http://web.eecs.umich.edu/~mihalcea/papers/perezrosas.emnlp15.pdf,Deception Detection,,,,LIT,TRUE,Open-Domain Deception,"This is a crowdsourced deception dataset consisting of short open domain truths and lies from 512 users. Seven lies and seven truths are provided for each user. The dataset also includes user’s demographic information, such as gender, age, country of origin, and education level.",http://web.eecs.umich.edu/~mihalcea/downloads/openDeception.2015.tar.gz,"August 27, 2015",,FALSE
2014,Gender Differences in Deceivers Writing Style,"Verónica Pérez-Rosas, Rada Mihalcea","Human-Inspired Computing and Its Applications. Springer International Publishing, 2014. 163-174",http://web.eecs.umich.edu/~mihalcea/papers/perezrosas.micai14.pdf,Deception Detection,,,,LIT,FALSE,,,,,,FALSE
2014,Using Infrared Thermography and Biosensors to Detect Thermal Discomfort in a Building’s Inhabitants,"Mihai Burzo, Mohamed Abouelenien, Verónica Pérez-Rosas, Cakra Wicaksono, Yong Tao, Rada Mihalcea","ASME International Mechanical Engineering Congress and Exposition, 2014",http://web.eecs.umich.edu/~mihalcea/papers/burzo.imece14.pdf,Other,,,,LIT,FALSE,,,,,,FALSE
2014,Deception Detection Using a Multimodal Approach,"Mohamed Abouelenien, Verónica Pérez-Rosas, Rada Mihalcea, Mihai Burzo","16th ACM International Conference on Multimodal Interaction (ICMI), 2014",http://web.eecs.umich.edu/~mihalcea/papers/abouelenien.icmi14.pdf,Deception Detection,,,,LIT,FALSE,,,,,,FALSE
2014,Affect Detection in Texts,"Carlo Strapparava, Rada Mihalcea",The Oxford Handbook of Affective Computing (2014): 184,,Sentiment Analysis,,,,LIT,FALSE,,,,,,FALSE
2014,Simcompass: Using Deep Learning Word Embeddings to Assess Cross-level Similarity,"Carmen Banea, Di Chen, Rada Mihalcea, Claire Cardie, Janyce Wiebe","8th International Workshop on Semantic Evaluation (SemEval), 2014",http://www.anthology.aclweb.org/S/S14/S14-2098.pdf,Semantics,,,,LIT,FALSE,,,,,,FALSE
2014,Semeval-2014 Task 10: Multilingual Semantic Textual Similarity,"Eneko Agirre, Carmen Banea, Claire Cardie, Daniel Cer, Mona Diab, Aitor Gonzalez-Agirre, Weiwei Guo, Rada Mihalcea, German Rigau, Janyce Wiebe","8th International Workshop on Semantic Evaluation (SemEval), 2014",http://www.anthology.aclweb.org/S/S14/S14-2010.pdf,Semantics,,,,LIT,FALSE,,,,,,FALSE
2014,A Multimodal Dataset for Deception Detection,"Verónica Pérez-Rosas, Rada Mihalcea, Alexis Narvaez, Mihai Burzo","9th Language Resources and Evaluation Conference (LREC), 2014",http://www.lrec-conf.org/proceedings/lrec2014/pdf/869_Paper.pdf,Deception Detection,,,,LIT,FALSE,,,,,,FALSE
2014,Modeling Language Proficiency Using Implicit Feedback,"Chris Hokamp, Rada Mihalcea, Peter Schuelke","9th Language Resources and Evaluation Conference (LREC), 2014",http://www.lrec-conf.org/proceedings/lrec2014/pdf/1126_Paper.pdf,Education,,,,LIT,FALSE,,,,,,FALSE
2014,Building a Dataset for Summarization and Keyword Extraction from Emails,"Vanessa Loza, Shibamouli Lahiri, Rada Mihalcea, Po-Hsiang Lai","9th Language Resources and Evaluation Conference (LREC), 2014",http://www.lrec-conf.org/proceedings/lrec2014/pdf/1037_Paper.pdf,Summarization,,,,LIT,TRUE,Summarization and Keyword Extraction from Emails,"This is a dataset consisting of pairs of 349 emails manually annotated with abstractive summaries, extractive summaries, and keywords. senses from Wikipedia, manually clusters.",http://web.eecs.umich.edu/~mihalcea/downloads/EmailSummarizationKeywordExtraction.2014.tar.gz,"June 20, 2014",,FALSE
2014,Iterative Constrained Clustering for Subjectivity Word Sense Disambiguation,"Cem Akkaya, Janyce Wiebe, Rada Mihalcea","14th Conference of the European Chapter of the Association for Computational Linguistics (EACL), 2014",http://www.anthology.aclweb.org/E/E14/E14-1029.pdf,Word Sense Disambiguation,,,,LIT,FALSE,,,,,,FALSE
2014,Computational Approaches to Subjectivity and Sentiment Analysis: Present and Envisaged Methods and Applications,"Alexandra Balahur, Rada Mihalcea, Andrés Montoyo",Computer Speech & Language 28.1 (2014): 1-6,,Sentiment Analysis,,,,LIT,FALSE,,,,,,FALSE
2014,Sense-level Subjectivity in a Multilingual Setting,"Carmen Banea, Rada Mihalcea, Janyce Wiebe",Computer Speech & Language 28.1 (2014): 7-19,http://people.cs.pitt.edu/~wiebe/pubs/papers/baneaCSL2014.pdf,Sentiment Analysis,,,,LIT,FALSE,,,,,,FALSE
2014,Deception Detection Within and Across Cultures,"Verónica Pérez-Rosas, Cristian Bologa, Mihai Burzo, Rada Mihalcea","Text Mining. Springer International Publishing, 2014. 157-175",http://web.eecs.umich.edu/~mihalcea/papers/perezrosas.springer15.pdf,Deception Detection,,,,LIT,FALSE,,,,,,FALSE
2014,Cross-cultural Deception Detection,"Verónica Pérez-Rosas, Rada Mihalcea","52nd Annual Meeting of the Association for Computational Linguistics (ACL), 2014",http://www.anthology.aclweb.org/P/P14/P14-2072.pdf,Deception Detection,,,,LIT,TRUE,Cross-Cultural Deception,"This is a deception dataset covering four different cultures: US, India, Mexico, and Romania. Each dataset consists of short deceptive and truthful essays for three topics: opinions on abortion, opinions on death penalty, and feelings about a best friend.",http://web.eecs.umich.edu/~mihalcea/downloads/crossCulturalDeception.2014.tar.gz,"November 20, 2014",,FALSE
2014,Wikipedia Taxonomic Relation Extraction using Wikipedia Distant Supervision,"Hui Shen, Mika Chen, Razvan Bunescu, Rada Mihalcea",,http://oucsace.cs.ohiou.edu/~razvan/papers/wpgraphdb14.pdf,MuSeNet,,,,LIT,FALSE,,,,,,FALSE
2014,Explorations in Lexical Sample and All-words Lexical Substitution,"Ravi Sinha, Rada Mihalcea",Natural Language Engineering 20.01 (2014): 99-129,http://web.eecs.umich.edu/~mihalcea/papers/sinha.jnle12.pdf,Semantics,,,,LIT,FALSE,,,,,,FALSE
2013,Automatic Detection of Deceit in Verbal Communication,"Rada Mihalcea, Verónica Pérez-Rosas, Mihai Burzo","15th ACM International Conference on Multimodal Interaction (ICMI), 2013",http://web.eecs.umich.edu/~mihalcea/papers/mihalcea.icmi13.pdf,Deception Detection,,,,LIT,FALSE,,,,,,FALSE
2013,Multilingual Word Sense Disambiguation Using Wikipedia,"Bharath Dandala, Rada Mihalcea, Razvan C. Bunescu","6th International Joint Conference on Natural Language Processing (IJCNLP), 2013",http://anthology.aclweb.org/I/I13/I13-1057.pdf,Word Sense Disambiguation,,,,LIT,FALSE,,,,,,FALSE
2013,Authorship Attribution Using Word Network Features,"Shibamouli Lahiri, Rada Mihalcea","arXiv preprint arXiv:1311.2978, 2013",http://arxiv.org/pdf/1311.2978.pdf,Graph-based NLP,,,,LIT,FALSE,,,,,,FALSE
2013,The Cross-lingual Lexical Substitution Task,"Diana McCarthy, Ravi Sinha, Rada Mihalcea",Language Resources and Evaluation 47.3 (2013): 607-638,,Semantics,,,,LIT,FALSE,,,,,,FALSE
2013,Multilingual Word Sense Disambiguation Using Wikipedia,Bharath Dandala,"Ph.D. Thesis, August 2013",http://digital.library.unt.edu/ark:/67531/metadc500036/m2/1/high_res_d/dissertation.pdf,Word Sense Disambiguation,,,,LIT,FALSE,,,,,,FALSE
2013,Utterance-Level Multimodal Sentiment Analysis,"Verónica Pérez-Rosas, Rada Mihalcea, Louis-Philippe Morency","51st Annual Meeting of the Association for Computational Linguistics (ACL), 2013",http://www.aclweb.org/anthology/P/P13/P13-1096.pdf,Sentiment Analysis,,,,LIT,TRUE,MOUD: Multimodal Opinion Utterances Dataset,"This is a collection of video reviews, segmented at utterance level, transcribed, and annotated for sentiment. Acoustic and visual features, automatically extracted, are also included.",http://web.eecs.umich.edu/~mihalcea/downloads/MOUD.tar.gz,"August 15, 2013",,FALSE
2013,Using N-gram and Word Network Features for Native Language Identification,"Shibamouli Lahiri, Rada Mihalcea","8th Workshop on Innovative Use of NLP for Building Educational Applications, 2013",http://web.eecs.umich.edu/~lahiri/nli2013.pdf,Other,,,,LIT,FALSE,,,,,,FALSE
2013,Cpn-core: A Text Semantic Similarity System Infused with Opinion Knowledge,"Carmen Banea, Yoonjung Choi, Lingjia Deng, Samer Hassan, Michael Mohler, Bishan Yang, Claire Cardie, Rada Mihalcea, Janyce Wiebe","2nd Joint Conference on Lexical and Computational Semantics (*SEM), 2013",http://www.anthology.aclweb.org/S/S13/S13-1032.pdf,Semantics,,,,LIT,FALSE,,,,,,FALSE
2013,Coarse to Fine Grained Sense Disambiguation in Wikipedia,"Hui Shen, Razvan Bunescu, Rada Mihalcea","2nd Joint Conference on Lexical and Computational Semantics (*SEM), 2013",http://www.anthology.aclweb.org/S/S13/S13-1003.pdf,Word Sense Disambiguation,,,,LIT,FALSE,,,,,,FALSE
2013,Thermal Imaging for Affect Detection,"Verónica Pérez-Rosas, Alexis Narvaez, Mihai Burzo, Rada Mihalcea","6th ACM International Conference on PErvasive Technologies Related to Assistive Environments (PETRA), 2013",,Other,,,,LIT,FALSE,,,,,,FALSE
2013,Landmark Image Annotation Using Textual and Geolocation Metadata,"Mădălina Mitran, Rada Mihalcea, Guillaume Cabanac, Mohand Boughanem","10th Conference on Open Research Areas in Information Retrieval (OAIR), 2013",,Images and Text,,,,LIT,FALSE,,,,,,FALSE
2013,Modeling Alcohol Consumption Using Blog Data,Kok Chuan Koh,"Master’s Thesis, May 2013",http://digital.library.unt.edu/ark:/67531/metadc271843/m2/1/high_res_d/thesis.pdf,Computational Social Science,,,,LIT,FALSE,,,,,,FALSE
2013,Finding Meaning in Context Using Graph Algorithms in Mono- and Cross-Lingual Settings,Ravi Som Sinha,"Ph.D. Thesis, May 2013",http://digital.library.unt.edu/ark:/67531/metadc271899/m2/1/high_res_d/dissertation.pdf,"Graph-based NLP, Semantics",,,,LIT,FALSE,,,,,,FALSE
2013,Extrapolating Subjectivity Research to Other Languages,Carmen Banea,"Ph.D. Thesis, May 2013",http://digital.library.unt.edu/ark:/67531/metadc271777/m2/1/high_res_d/dissertation.pdf,Sentiment Analysis,,,,LIT,FALSE,,,,,,FALSE
2013,Multimodal Sentiment Analysis of Spanish Online Videos,"Verónica Pérez-Rosas, Rada Mihalcea, Louis-Philippe Morency",IEEE Intelligent Systems 3 (2013): 38-45,http://web.eecs.umich.edu/~mihalcea/papers/perezrosas.is13.pdf,Sentiment Analysis,,,,LIT,FALSE,,,,,,FALSE
2013,Porting Multilingual Subjectivity Resources Across Languages,"Carmen Banea, Rada Mihalcea, Janyce Wiebe",IEEE Transactions on Affective Computing 4.2 (2013): 211-225,https://37a126063390bd6d4695435c2a0c150522105e6f.googledrive.com/host/0B-pGbqL55EIXbWY3NVdtN0ZwNWc/publications/banea.preprint.t-affc.2013.pdf,Sentiment Analysis,,,,LIT,FALSE,,,,,,FALSE
2013,Sentiment Analysis of Online Spoken Reviews,"Verónica Pérez-Rosas, Rada Mihalcea","14th Annual Conference of the International Speech Communication Association (INTERSPEECH), 2013",http://web.eecs.umich.edu/~mihalcea/papers/perezrosas.interspeech13.pdf,Sentiment Analysis,,,,LIT,FALSE,,,,,,FALSE
2013,Sense Clustering Using Wikipedia,"Bharath Dandala, Chris Hokamp, Rada Mihalcea, Razvan C. Bunescu","Recent Advances in Natural Language Processing (RANLP), 2013",http://www.anthology.aclweb.org/R/R13/R13-1022.pdf,Word Sense Disambiguation,,,,LIT,TRUE,Sense Clustering Dataset,"This is a dataset consisting of pairs of senses from Wikipedia, manually clustered.",http://web.eecs.umich.edu/~mihalcea/downloads/SenseClustersDataset.tar.gz,"December 7, 2013",,FALSE
2013,"Method, System and Apparatus for Automatic Keyword Extraction","Andras Csomai, Rada Mihalcea","U.S. Patent No. 8,346,534. 1 Jan. 2013",http://digital.library.unt.edu/ark:/67531/metadc306042/m2/1/high_res_d/US8346534B2.pdf,Summarization,,,,LIT,FALSE,,,,,,FALSE
2012,Sense and Reference Disambiguation in Wikipedia,"Hui Shen, Razvan C. Bunescu, Rada Mihalcea","24th International Conference on Computational Linguistics (COLING), Poster, 2012",http://www.anthology.aclweb.org/C/C12/C12-2108.pdf,Word Sense Disambiguation,,,,LIT,FALSE,,,,,,FALSE
2012,Multilingual Subjectivity and Sentiment Analysis,"Rada Mihalcea, Carmen Banea, Janyce Wiebe","Tutorial Abstracts of ACL, 2012",http://www.aclweb.org/anthology/P/P12/P12-4004.pdf,Sentiment Analysis,,,,LIT,FALSE,,,,,,FALSE
2012,Word Sense Disambiguation using Wikipedia,"Bharath Dandala, Rada Mihalcea, Razvan Bunescu","The People’s Web Meets NLP: Collaboratively Constructed Language Resources. Springer book series “Theory and Applications of Natural Language Processing”, editors Iryna Gurevych and Jungi Kim, 2012",,Word Sense Disambiguation,,,,LIT,FALSE,,,,,,FALSE
2012,Towards Sensing the Influence of Visual Narratives on Human Affect,"Mihai Burzo, Daniel McDuff, Rada Mihalcea, Louis-Philippe Morency, Alexis Narvaez, Veronica Perez-Rosas, ","14th ACM International Conference on Multimodal Interaction (ICMI), 2012",http://ict.usc.edu/pubs/Towards%20sensing%20the%20influence%20of%20visual%20narratives%20on%20human%20affect.pdf,Sentiment Analysis,,,,LIT,FALSE,,,,,,FALSE
2012,Towards Multimodal Deception Detection — Step 1: Building a Collection of Deceptive Videos,"Rada Mihalcea, Mihai Burzo","14th ACM International Conference on Multimodal Interaction (ICMI), 2012",,Deception Detection,,,,LIT,FALSE,,,,,,FALSE
2012,Utilizing Semantic Composition in Distributional Semantic Models for Word Sense Discrimination and Word Sense Disambiguation,"Cem Akkaya, Janyce Wiebe, Rada Mihalcea","IEEE 6th International Conference on Semantic Computing (ICSC), 2012",http://www.cs.pitt.edu/~wiebe/pubs/papers/icsc2012.pdf,Word Sense Disambiguation,,,,LIT,FALSE,,,,,,FALSE
2012,"Lyrics, Music, and Emotions","Rada Mihalcea, Carlo Strapparava","Conference on Empirical Methods in Natural Language Processing (EMNLP), 2012",http://www.aclweb.org/website/old_anthology/D/D12/D12-1054.pdf,Sentiment Analysis,,,,LIT,FALSE,,,,,,FALSE
2012,Measuring Semantic Relatedness using Multilingual Representations,"Samer Hassan, Carmen Banea, Rada Mihalcea","1st Joint Conference on Lexical and Computational Semantics (*SEM), 2012",http://www.anthology.aclweb.org/S/S12/S12-1003.pdf,Semantics,,,,LIT,FALSE,,,,,,FALSE
2012,Towards Building a Multilingual Semantic Network: Identifying Interlingual Links in Wikipedia,"Bharath Dandala, Rada Mihalcea, Razvan Bunescu","1st Joint Conference on Lexical and Computational Semantics (*SEM), 2012",http://web.eecs.umich.edu/~mihalcea/papers/dandala.starsem12.pdf,Semantics,,,,LIT,TRUE,Wikipedia Interlingual Links Evaluation Dataset,"This resource contains manual annotations for 195 pairs of articles in Wikipedia, covering four language pairs, as well as the metafile, which contains all the candidate interlingual links for ten language pairs.",http://web.eecs.umich.edu/~mihalcea/downloads/WikipediaInterlingualEvalDataset.tar.gz; http://web.eecs.umich.edu/~mihalcea/download/Wikipedia.2012.10languages.MetaFile.tar.gz,"July 15, 2012",Manual annotations; Metafile,FALSE
2012,Word Epoch Disambiguation: Finding How Words Change Over Time,"Rada Mihalcea, Vivi Nastase","50th Annual Meeting of the Association for Computational Linguistics (ACL), 2012",http://www.anthology.aclweb.org/P/P12/P12-2051.pdf,Word Sense Disambiguation,,,,LIT,FALSE,,,,,,FALSE
2012,A Parallel Corpus of Music and Lyrics Annotated with Emotions,"Carlo Strapparava, Rada Mihalcea, Alberto Battocchi","7th Language Resources and Evaluation Conference (LREC), 2012",http://www.lrec-conf.org/proceedings/lrec2012/pdf/730_Paper.pdf,Humor and Emotions,,,,LIT,FALSE,,,,,,FALSE
2012,Learning Sentiment Lexicons in Spanish,"Verónica Pérez-Rosas, Carmen Banea, Rada Mihalcea","7th Language Resources and Evaluation Conference (LREC), 2012",http://web.eecs.umich.edu/~mihalcea/papers/perez.lrec12.pdf,Sentiment Analysis,,,,LIT,TRUE,Sentiment Lexicons in Spanish,This resource contains two polarity lexicons in Spanish. The lexicons have been automatically or semi-automatically generated.,http://web.eecs.umich.edu/~mihalcea/downloads/SpanishSentimentLexicons.tar.gz,"April 3, 2012",,FALSE
2012,Unsupervised Word Sense Disambiguation with Multilingual Representations,"Erwin Fernandez-Ordonez, Rada Mihalcea, Samer Hassan","7th Language Resources and Evaluation Conference (LREC), 2012",http://www.lrec-conf.org/proceedings/lrec2012/pdf/1082_Paper.pdf,Word Sense Disambiguation,,,,LIT,FALSE,,,,,,FALSE
2012,UNT-SimpRank: Systems for Lexical Simplification Ranking,Ravi Sinha,"SemEval Workshop on Semantic Evaluation Exercises, 2012",http://www.anthology.aclweb.org/S/S12/S12-1069.pdf,Semantics,,,,LIT,FALSE,,,,,,FALSE
2012,UNT: A Supervised Synergistic Approach to Semantic Text Similarity,"Carmen Banea, Samer Hassan, Michael Mohler, Rada Mihalcea","SemEval Workshop on Semantic Evaluation Exercises, 2012",http://anthology.aclweb.org/S/S12/S12-1094.pdf,Semantics,,,,LIT,FALSE,,,,,,FALSE
2012,SemEval 2012 Task 1: English Lexical Simplification,"Lucia Specia, Sujay Kumar Jauhar, Rada Mihalcea","SemEval Workshop on Semantic Evaluation Exercises, 2012",http://www.anthology.aclweb.org/S/S12/S12-1046.pdf,Semantics,,,,LIT,FALSE,,,,,,FALSE
2012,Sentence Similarity Analysis with Applications in Automatic Short Answer Grading,"Michael Mohler (currently working at the Language Computer Corporation in Richardson, TX)","Ph.D. Thesis, Summer 2012",http://digital.library.unt.edu/ark:/67531/metadc149640/m2/1/high_res_d/dissertation.pdf,Semantics,,,,LIT,FALSE,,,,,,FALSE
2011,Investigating the Extractive Summarization of Literary Novels,"Hakan Ceylan (currently working at Netflix, Inc.)","Ph.D. Thesis, Summer 2011",http://digital.library.unt.edu/ark:/67531/metadc103298/m2/1/high_res_d/dissertation.pdf,Summarization,,,,LIT,FALSE,,,,,,FALSE
2011,Measuring Semantic Relatedness Using Salient Encyclopedic Concepts,"Samer Hassan (currently working at Google, Inc.)","Ph.D. Thesis, Summer 2011",http://digital.library.unt.edu/ark:/67531/metadc84212/m2/1/high_res_d/dissertation.pdf,Semantics,,,,LIT,FALSE,,,,,,FALSE
2011,Multilingual Sentiment and Subjectivity,"Carmen Banea, Rada Mihalcea, Janyce Wiebe","Multilingual Natural Language Processing, editors Imed Zitouni and Dan Bikel, Prentice Hall, 2011",,Sentiment Analysis,,,,LIT,FALSE,,,,,,FALSE
2011,Computational Humour,"Carlo Strapparava, Oliviero Stock, Rada Mihalcea","Emotion-Oriented Systems: The HUMAINE Handbook, Cognitive Technologies, chapter 6.4, editors R. Cowie, P. Petta, and C. Pelachaud, Springer, March 2011",,Humor and Emotions,,,,LIT,FALSE,,,,,,FALSE
2011,Learning to Identify Educational Materials,"Samer Hassan, Rada Mihalcea","ACM Transactions on Speech and Language Processing, 8.2 (2011): 1-18",http://digital.library.unt.edu/ark:/67531/metadc31014/m2/1/high_res_d/Mihalcea-2009-Learning_to_Identify_Educational_Materials.pdf,Education,,,,LIT,TRUE,Learning to Identify Educational Materials (LIEM),The data set is a collection of 862 documents annotated for its educative-ness value along with other user selected features.,http://web.eecs.umich.edu/~mihalcea/downloads/LIEM.tar.gz,"August 11, 2009",,FALSE
2011,Towards Multimodal Sentiment Analysis: Harvesting Opinions from the Web,"Louis-Philippe Morency, Rada Mihalcea, Payal Doshi","13th International Conference on Multimodal Interfaces (ICMI), 2011",http://web.eecs.umich.edu/~mihalcea/papers/morency.icmi11.pdf,Sentiment Analysis,,,,LIT,FALSE,,,,,,FALSE
2011,Going Beyond Text: A Hybrid Image-Text Approach for Measuring Word Relatedness,"Chee Wee Leong, Rada Mihalcea","5th International Joint Conference on Natural Language Processing (IJCNLP), 2011",http://web.eecs.umich.edu/~mihalcea/papers/leong.ijcnlp11.pdf,"Images and Text, Semantics",,,,LIT,FALSE,,,,,,FALSE
2011,A Comparison of Unsupervised Methods to Associate Colors with Words,"Gözde Özbal, Carlo Strapparava, Rada Mihalcea, Daniele Pighin","Affective Computing and Intelligent Interaction (ACII), 2011",,Other,,,,LIT,FALSE,,,,,,FALSE
2011,Improving Query Expansion for Image Retrieval via Saliency and Picturability,"Chee Wee Leong, Samer Hassan, Miguel Enrique Ruiz, Rada Mihalcea","Multilingual and Multimodal Information Access Evaluation (CLEF), 2011",http://web.eecs.umich.edu/~mihalcea/papers/leong.clef11.pdf,Images and Text,,,,LIT,FALSE,,,,,,FALSE
2011,Semantic Relatedness Using Salient Semantic Analysis,"Samer Hassan, Rada Mihalcea","25th AAAI Conference on Artificial Intelligence, 2011",http://web.eecs.umich.edu/~mihalcea/papers/hassan.aaai11.pdf,Semantics,,,,LIT,FALSE,,,,,,FALSE
2011,Improving the Impact of Subjectivity Word Sense Disambiguation on Contextual Opinion Analysis,"Cem Akkaya, Janyce Wiebe, Alexander Conrad, Rada Mihalcea","15th Conference on Computational Natural Language Learning (CoNLL), 2011",http://web.eecs.umich.edu/~mihalcea/papers/akkaya.conll11.pdf,Sentiment Analysis,,,,LIT,FALSE,,,,,,FALSE
2011,An Efficient Indexer for Large N-Gram Corpora,"Hakan Ceylan, Rada Mihalcea","49th Annual Meeting of the Association for Computational Linguistics (ACL), 2011",http://web.eecs.umich.edu/~mihalcea/papers/ceylan.acl11.pdf,Other,,,,LIT,TRUE,Efficient Indexer for the Google Web 1T Ngram Corpus,"This is an efficient indexer for the Google Web 1T Ngram corpus, along with a client-server model for fast querying. The software also accepts queries with wildcards.",http://web.eecs.umich.edu/~mihalcea/downloads/LIT-Indexer_1.0.tar.gz,"July 15, 2012",,FALSE
2011,Sense-level Subjectivity in a Multilingual Setting,"Carmen Banea, Rada Mihalcea, Janyce Wiebe","IJCNLP workshop on Sentiment Analysis where AI meets Psychology, 2011",http://web.eecs.umich.edu/~mihalcea/papers/banea.saaip11.pdf,Sentiment Analysis,,,,LIT,FALSE,,,,,,FALSE
2011,Topic Modeling on Historical Newspapers,"Tze-I Yang, Andrew Torget, Rada Mihalcea","ACL Workshop on Language Technology for Cultural Heritage, Social Sciences, and Humanities, 2011",http://web.eecs.umich.edu/~mihalcea/papers/yang.latech11.pdf,Other,,,,LIT,FALSE,,,,,,FALSE
2011,Learning to Grade Short Answer Questions Using Semantic Similarity Measures and Dependency Graph Alignments,"Michael Mohler, Razvan Bunescu, Rada Mihalcea","49th Annual Meeting of the Association for Computational Linguistics: Human Language Technologies (ACL-HLT), 2011",http://web.eecs.umich.edu/~mihalcea/papers/mohler.acl11.pdf,"Semantics, Education",,,,LIT,TRUE,"Data for Automatic Short Answer Grading, Part 2","A larger collection of short student answers and grades for a course in Computer Science. The data set consists of 10 assignments (with 4-7 questions each) and 2 exams (with 10 questions each), with 30 student answers each.",http://web.eecs.umich.edu/~mihalcea/downloads/ShortAnswerGrading_v2.0.zip,"July 1, 2011",,FALSE
2011,Using Centrality Algorithms on Directed Graphs for Synonym Expansion,"Ravi Sinha, Rada Mihalcea","24th International Florida Artificial Intelligence Research Society Conference (FLAIRS), 2011",http://web.eecs.umich.edu/~mihalcea/papers/sinha.flairs11.pdf,Graph-based NLP,,,,LIT,FALSE,,,,,,FALSE
2011,Measuring the Semantic Relatedness Between Words and Images,"Ben Leong, Rada Mihalcea","9th International Conference on Computational Semantics (IWCS), 2011",http://web.eecs.umich.edu/~mihalcea/papers/leong.iwcs11.pdf,"Images and Text, Semantics",,,,LIT,TRUE,Measuring the Semantic Relatedness between Words and Images,This dataset contains the list of synsets from ImageNet and related data used in an experiment to compute semantic relatedness between words and images.,http://web.eecs.umich.edu/~mihalcea/downloads/ImgWordRelatedness.tar.gz,"January 12, 2011",,FALSE
2011,Word Sense Disambiguation with Multilingual Features,"Carmen Banea, Rada Mihalcea","9th International Conference on Computational Semantics (IWCS), 2011",http://web.eecs.umich.edu/~mihalcea/papers/banea.iwcs11.pdf,Word Sense Disambiguation,,,,LIT,FALSE,,,,,,FALSE
2010,Cross Language Text Classification by Model Translation and Semi-Supervised Learning,"Lei Shi, Rada Mihalcea, Mingjun Tian","Conference on Empirical Methods in Natural Language Processing (EMNLP), 2010",http://web.eecs.umich.edu/~mihalcea/papers/shi.emnlp10.pdf,Other,,,,LIT,FALSE,,,,,,FALSE
2010,Text Mining for Automatic Image Tagging,"Ben Leong, Rada Mihalcea, Samer Hassan","23rd International Conference on Computational Linguistics (COLING), 2010",http://web.eecs.umich.edu/~mihalcea/papers/leong.coling10.pdf,Images and Text,,,,LIT,TRUE,Text Mining for Automatic Image Tagging,"This dataset contains images, texts and gold-standard annotations of 300 image-text pairs randomly collected over the web.",http://web.eecs.umich.edu/~mihalcea/downloads/ImgTextMining.tar.gz,"August 23, 2010",,FALSE
2010,Multilingual Subjectivity: Are More Languages Better?,"Carmen Banea, Rada Mihalcea, Janyce Wiebe","23rd International Conference on Computational Linguistics (COLING), 2010",http://web.eecs.umich.edu/~mihalcea/papers/banea.coling10.pdf,Sentiment Analysis,,,,LIT,TRUE,"Multilingual Subjectivity Analysis: Training Data, Part 2","Multilingual training data, automatically annotated for subjectivity, in English, Arabic, French, German, Romanian, and Spanish.",http://web.eecs.umich.edu/~mihalcea/downloads/SUBJ/Subjectivity.MultilingualTrainingData_v2.0.tar.gz,"August 20, 2010",,FALSE
2010,Quantifying the Limits and Success of Extractive Summarization Systems Across Domains,"Hakan Ceylan, Rada Mihalcea, Umut Ozertem, Elena Lloret, Manuel Palomar","North American Chapter of the Association for Computational Linguistics (NAACL), 2010, nomination for best paper award",http://www.anthology.aclweb.org/N/N10/N10-1133.pdf,Summarization,,,,LIT,FALSE,,,,,,FALSE
2010,Computational Models for Incongruity Detection in Humor,"Rada Mihalcea, Carlo Strapparava, Stephen Pulman","Conference on Computational Linguistics and Intelligent Text Processing (CICLing), 2010",http://digital.library.unt.edu/ark:/67531/metadc31024/,Humor and Emotions,,,,LIT,FALSE,,,,,,FALSE
2010,Predicting Individual Affect of Health Interventions to Reduce HPV Prevalence,"Courtney Corley, Rada Mihalcea, Armin Mikler, Antonio Sanfilippo","Book chapter in Software Tools and Algorithms for Biological Systems (book series, Advances in Experimental Medicine and Biology, AEMB), Springer, 2010",,Other,,,,LIT,FALSE,,,,,,FALSE
2009,Learning to Identify Educational Materials,"Samer Hassan, Rada Mihalcea","International Conference on Recent Advances in Natural Language Processing (RANLP), 2009",http://anthology.aclweb.org/R/R09/R09-1024.pdf,Education,,http://www.samerhassan.com/index.php/Learning_to_Identify_Educational_Material_%28LIEM%29,,LIT,FALSE,,,,,,FALSE
2009,Combining Lexical Resources for Contextual Synonym Expansion,"Ravi Sinha, Rada Mihalcea","International Conference on Recent Advances in Natural Language Processing (RANLP), 2009",http://anthology.aclweb.org/R/R09/R09-1073.pdf,Semantics,,,,LIT,FALSE,,,,,,FALSE
2009,The Lie Detector: Explorations in the Automatic Recognition of Deceptive Language,"Rada Mihalcea, Carlo Strapparava","47th Annual Meeting of the Association for Computational Linguistics (ACL-IJCNLP), 2009",http://web.eecs.umich.edu/~mihalcea/papers/mihalcea.acl09.pdf,Deception Detection,,,,LIT,FALSE,,,,,,FALSE
2009,Explorations in Automatic Image Annotation using Textual Features,"Ben Leong, Rada Mihalcea","47th Annual Meeting of the Association for Computational Linguistics (ACL-IJCNLP), 2009",http://www.anthology.aclweb.org/W/W09/W09-3009.pdf,Images and Text,,,,LIT,FALSE,,,,,,FALSE
2009,Cross-Lingual Semantic Relatedness using Encyclopedic Knowledge,"Samer Hassan, Rada Mihalcea","Conference on Empirical Methods in Natural Language Processing (EMNLP), 2009",http://web.eecs.umich.edu/~mihalcea/papers/hassan.emnlp09.pdf,Semantics,,http://www.samerhassan.com/index.php/Cross-Lingual_Semantic_Relatedness_%28CLSR%29,,LIT,TRUE,Cross-Lingual Semantic Relatedness (CLSR),"A validated translation of the original Miller-Charles (Miller and Charles, 1998) and WordSimilarity-353 (Finkelstein et al., 2001) in Spanish, Romanian, and Arabic.",http://web.eecs.umich.edu/~mihalcea/downloads/CLSR-EK.tar.gz,"August 10, 2009",,FALSE
2009,Subjectivity Word Sense Disambiguation,"Cem Akkaya, Janyce Wiebe, Rada Mihalcea","Conference on Empirical Methods in Natural Language Processing (EMNLP), 2009",http://www.aclweb.org/old_anthology/D/D09/D09-1020.pdf,Word Sense Disambiguation,,,,LIT,FALSE,,,,,,FALSE
2009,Using Encyclopedic Knowledge for Automatic Topic Identification,"Kino Coursey, Rada Mihalcea, William Moen","14th Conference on Natural Language Learning (CoNLL), 2009",http://web.eecs.umich.edu/~mihalcea/papers/coursey.conll09.pdf,Other,,,,LIT,FALSE,,,,,,FALSE
2009,Integrating Knowledge for Subjectivity Sense Labeling,"Yaw Gyamfi, Janyce Wiebe, Rada Mihalcea, Cem Akkaya","North American Chapter of the Association for Computational Linguistics (NAACL), 2009",http://anthology.aclweb.org/N/N09/N09-1002.pdf,Sentiment Analysis,,,,LIT,FALSE,,,,,,FALSE
2009,Topic Identification Using Wikipedia Graph Centrality,"Kino Coursey, Rada Mihalcea","North American Chapter of the Association for Computational Linguistics (NAACL), 2009",http://www.anthology.aclweb.org/N/N09/N09-2030.pdf,Graph-based NLP,,,,LIT,FALSE,,,,,,FALSE
2009,Linguistic Ethnography: Identifying Dominant Word Classes in Text,"Rada Mihalcea, Stephen Pulman","Conference on Computational Linguistics and Intelligent Text Processing (CICLing), 2009",http://web.eecs.umich.edu/~mihalcea/papers/mihalcea.cicling09.pdf,Other,,,,LIT,TRUE,Linguistic Ethnography,"A package of tools/resources to perform linguistic ethnography. That is, given a collection of documents that are representative for a certain phenomenon (e.g., happiness blogs; lies; women-authored texts; etc.), these tools can assist in analysing the collection and discovering potentially interesting patterns.",http://web.eecs.umich.edu/~mihalcea/downloads/LinguisticEthnography.2015.tar.gz,"March 9, 2015",,FALSE
2009,The Decomposition of Human-Written Book Summaries,"Hakan Ceylan, Rada Mihalcea","Conference on Computational Linguistics and Intelligent Text Processing (CICLing), 2009",http://digital.library.unt.edu/ark:/67531/metadc31018/m2/1/high_res_d/Mihalcea-2009-The_Decomposition_of_Human-Written.pdf,Summarization,,,,LIT,FALSE,,,,,,FALSE
2009,Text-to-text Semantic Similarity for Automatic Short Answer Grading,"Michael Mohler, Rada Mihalcea","European Chapter of the Association for Computational Linguistics (EACL), 2009",http://web.eecs.umich.edu/~mihalcea/papers/mohler.eacl09.pdf,"Semantics, Education",,,,LIT,TRUE,"Data for Automatic Short Answer Grading, Part 1",A collection of short student answers and grades for a course in Computer Science. The data set consists of 21 questions with 30 student answers each.,http://web.eecs.umich.edu/~mihalcea/downloads/ShortAnswerGrading_v1.0.tar.gz,"February 10, 2009",,FALSE
2009,Unsupervised Graph-based Word Sense Disambiguation,"Ravi Sinha, Rada Mihalcea","Book chapter in “Current Issues in Linguistic Theory: Recent Advances in Natural Language Processing”, editors Nicolas Nicolov and Ruslan Mitkov, John Benjamins Publishers, 2009",,"Graph-based NLP, Word Sense Disambiguation",,,,LIT,FALSE,,,,,,FALSE
2009,Toward Communicating Simple Sentences Using Pictorial Representations,"Rada Mihalcea, Ben Leong","Journal of Machine Translation, 22.3, Springer Netherlands Publishers, 2009",http://web.eecs.umich.edu/~mihalcea/papers/mihalcea.mt09.pdf,Images and Text,,,,LIT,FALSE,,,,,,FALSE
2009,Annotating and Identifying Emotions in Text,"Carlo Strapparava, Rada Mihalcea","Book chapter in “Intelligent Information Access”, editors G. Armano, M. de Gemmis, G. Semeraro, and E. Vargiu, Springer, “Studies in Computational Intelligence,” 2009",http://digital.library.unt.edu/ark:/67531/metadc31010/m2/1/high_res_d/Mihalcea-2009-Annotating_and_Identifying_Emotions.pdf,Humor and Emotions,,,,LIT,FALSE,,,,,,FALSE
2008,Linking Documents to Encyclopedic Knowledge,"Andras Csomai, Rada Mihalcea","IEEE Intelligent Systems, special issue on “Natural Language Processing for the Web,” 2008",,Semantics,,,,LIT,FALSE,,,,,,FALSE
2008,Networks and Natural Language Processing,"Dragomir Radev, Rada Mihalcea","Artificial Intelligence Magazine, September 2008",http://tangra.si.umich.edu/~radev/papers/115.pdf,Graph-based NLP,,,,LIT,FALSE,,,,,,FALSE
2008,Multilingual Subjectivity Analysis Using Machine Translation,"Carmen Banea, Rada Mihalcea, Janyce Wiebe, Samer Hassan","Conference on Empirical Methods in Natural Language Processing (EMNLP), 2008",http://web.eecs.umich.edu/~mihalcea/papers/banea.emnlp08.pdf,Sentiment Analysis,,,,LIT,TRUE,"Multilingual Subjectivity Analysis: Training Data, Part 1","Multilingual training data, automatically annotated for subjectivity, in English, Romanian, and Spanish.",http://web.eecs.umich.edu/~mihalcea/downloads/SUBJ/Subjectivity.MultilingualTrainingData_v1.0.tar.gz,"October 25, 2008",,FALSE
2008,Linguistically Motivated Features for Enhanced Back-of-the-book Indexing,"Andras Csomai, Rada Mihalcea","46th Annual Meeting of the Association for Computational Linguistics (ACL), 2008",http://web.eecs.umich.edu/~mihalcea/papers/csomai.acl08.pdf,Other,,,,LIT,FALSE,,,,,,FALSE
2008,Automatic Keyword Extraction for Learning Object Repositories,"Kino Coursey, Rada Mihalcea, William Moen","Conference of the American Society for Information Science and Technology (ASIST), 2008",http://web.eecs.umich.edu/~mihalcea/papers/coursey.asist08.pdf,Summarization,,,,LIT,FALSE,,,,,,FALSE
2008,A Bootstrapping Method for Building Subjectivity Lexicons for Languages with Scarce Resources,"Carmen Banea, Rada Mihalcea, Janyce Wiebe","3rd Language Resources and Evaluation Conference (LREC), 2008",http://web.eecs.umich.edu/~mihalcea/papers/banea.lrec08.pdf,Sentiment Analysis,,,,LIT,FALSE,,,,,,FALSE
2008,Babylon: Parallel Text Builder: Gathering Parallel Texts for Low-Density Languages,"Michael Mohler, Rada Mihalcea","3rd Language Resources and Evaluation Conference (LREC), 2008",http://web.eecs.umich.edu/~mihalcea/papers/mohler.lrec08.pdf,Other,,,,LIT,FALSE,,,,,,FALSE
2008,Learning to Identify Emotions in Text,"Carlo Strapparava, Rada Mihalcea","23rd Annual ACM Symposium on Applied Computing (SAC), 2008",http://web.eecs.umich.edu/~mihalcea/papers/strapparava.acm08.pdf,Humor and Emotions,,,,LIT,FALSE,,,,,,FALSE
2008,Review of “The Text Mining Handbook: Advanced Approaches to Analyzing Unstructured Data” by Ronen Feldman and James Sanger,Rada Mihalcea,"Computational Linguistics 34.1, March 2008",http://aclweb.org/anthology/J/J08/J08-1004.pdf,Other,,,,LIT,FALSE,,,,,,FALSE
2007,Linking Documents to Encyclopedic Knowledge,"Rada Mihalcea, Andras Csomai","ACM Conference on Information and Knowledge Management (CIKM), 2007",,Semantics,,,,LIT,FALSE,,,,,,FALSE
2007,Unsupervised Graph-based Word Sense Disambiguation Using Measures of Word Semantic Similarity,"Ravi Sinha, Rada Mihalcea","IEEE International Conference on Semantic Computing (ICSC), 2007",http://web.eecs.umich.edu/~mihalcea/papers/sinha.ieee07.pdf,"Word Sense Disambiguation, Graph-based NLP",,,,LIT,TRUE,GWSD: Unsupervised Graph-based Word Sense Disambiguation,GWSD is a system for unsupervised all-words graph-based word sense disambiguation.,http://web.eecs.umich.edu/~mihalcea/downloads/GWSD/GWSD.1.0.tar.gz,"September 13, 2007",,FALSE
2007,Random-Walk Term Weighting for Improved Text Classification,"Samer Hassan, Rada Mihalcea, Carmen Banea","IEEE International Conference on Semantic Computing (ICSC), 2007, Best paper award",http://web.eecs.umich.edu/~mihalcea/papers/hassan.ieee07.pdf,Graph-based NLP,,,,LIT,FALSE,,,,,,FALSE
2007,Explorations in Automatic Book Summarization,"Rada Mihalcea, Hakan Ceylan","Conference on Empirical Methods in Natural Language Processing (EMNLP), 2007",http://web.eecs.umich.edu/~mihalcea/papers/mihalcea.emnlp07.pdf,Summarization,,,,LIT,FALSE,,,,,,FALSE
2007,Learning Multilingual Subjective Language via Cross-Lingual Projections,"Rada Mihalcea, Carmen Banea, Janyce Wiebe ","45th Annual Meeting of the Association for Computational Linguistics (ACL), 2007",http://web.eecs.umich.edu/~mihalcea/papers/mihalcea.acl07.pdf,Sentiment Analysis,,,,LIT,TRUE,Multilingual Subjectivity Analysis: Gold Standard,"Gold standard data for multilingual subjectivity analysis. The data set consists of 500 sentences in English, Romanian and Spanish, manually annotated for subjectivity.",http://web.eecs.umich.edu/~mihalcea/downloads/SUBJ/Subjectivity.MultilingualGoldStandard_v1.0.tar.gz,"October 25, 2008",,FALSE
2007,Linking Educational Materials to Encyclopedic Knowledge,"Andras Csomai, Rada Mihalcea","International Conference on Artificial Intelligence in Education (AIED), 2007",http://web.eecs.umich.edu/~mihalcea/papers/csomai.aied07.pdf,Semantics,,,,LIT,FALSE,,,,,,FALSE
2007,Using Wikipedia for Automatic Word Sense Disambiguation,Rada Mihalcea,"North American Chapter of the Association for Computational Linguistics (NAACL), 2007",http://web.eecs.umich.edu/~mihalcea/papers/mihalcea.naacl07.pdf,Word Sense Disambiguation,,,,LIT,FALSE,,,,,,FALSE
2007,Investigations in Unsupervised Back-of-the-Book Indexing,"Andras Csomai, Rada Mihalcea","Florida Artificial Intelligence Research Society (FLAIRS), 2007, Best paper in track",http://web.eecs.umich.edu/~mihalcea/papers/csomai.flairs07.pdf,Other,,,,LIT,FALSE,,,,,,FALSE
2007,"Of Men, Women, and Computers: Data-Driven Gender Modeling for Improved User Interfaces","Hugo Liu, Rada Mihalcea","International Conference on Weblogs and Social Media (ICWSM), 2007",http://web.eecs.umich.edu/~mihalcea/papers/liu.icwsm07.pdf,Women and Technology,,,,LIT,FALSE,,,,,,FALSE
2007,Characterizing Humour: An Exploration of Features in Humorous Texts,"Rada Mihalcea, Stephen Pulman","Conference on Computational Linguistics and Intelligent Text Processing (CICLing), 2007, 2nd best paper award",http://web.eecs.umich.edu/~mihalcea/papers/mihalcea.cicling07.pdf,Humor and Emotions,,,,LIT,FALSE,,,,,,FALSE
2007,Word Sense Disambiguation,Rada Mihalcea,"Encyclopedia of Machine Learning, Springer, 2007",,Word Sense Disambiguation,,,,LIT,FALSE,,,,,,FALSE
2007,UNT: SubFinder: Combining Knowledge Sources for Automatic Lexical Substitution,"Samer Hassan, Andras Csomai, Carmen Banea, Ravi Sinha, Rada Mihalcea","4th International Workshop on the Semantic Evaluations (SemEval), 2007",http://web.eecs.umich.edu/~mihalcea/papers/hassan.semeval07.pdf,Semantics,,,,LIT,FALSE,,,,,,FALSE
2007,UNT-Yahoo: SuperSenseLearner: Combining SenseLearner with SuperSense and other Coarse Semantic Features,"Rada Mihalcea, Andras Csomai, Massimiliano Ciaramita","4th International Workshop on the Semantic Evaluations (SemEval), 2007",http://web.eecs.umich.edu/~mihalcea/papers/mihalcea.semeval07.pdf,Sentiment Analysis,,,,LIT,FALSE,,,,,,FALSE
2007,SemEval-2007 Task 14: Affective Text,"Carlo Strapparava, Rada Mihalcea","4th International Workshop on the Semantic Evaluations (SemEval), 2007",http://web.eecs.umich.edu/~mihalcea/papers/strapparava.semeval07.pdf,Sentiment Analysis,,,,LIT,TRUE,Affective Text: Data Annotated for Emotions and Polarity,"Affective Text is a data set consisting of 1000 test headlines and 200 development headlines, each of them annotated with the six Eckman emotions and the polarity orientation.",http://web.eecs.umich.edu/~mihalcea/downloads/AffectiveText.Semeval.2007.tar.gz,"July 13, 2007",,FALSE
2007,Multidisciplinary Facets of Research on Humour,Rada Mihalcea,"Invited paper, Workshop on Cross-Language Information Processing, Lecture Notes in Artificial Intelligence, Springer, 2007",http://digital.library.unt.edu/ark:/67531/metadc30996/m2/1/high_res_d/Mihalcea-2007-The_Multidisciplinary_Facets_of_Research_on_Humour.pdf,Humor and Emotions,,,,LIT,FALSE,,,,,,FALSE
2006,Toward Communicating Simple Sentences Using Pictorial Representations,Ben Leong,"Master’s Thesis, May 2006",http://digital.library.unt.edu/ark:/67531/metadc5263/m2/1/high_res_d/thesis.pdf,Images and Text,,,,LIT,FALSE,,,,,,FALSE
2006,Corpus-based and Knowledge-based Measures of Text Semantic Similarity,"Rada Mihalcea, Courtney Corley, Carlo Strapparava","20th AAAI Conference on Artificial Intelligence, 2006",http://web.eecs.umich.edu/~mihalcea/papers/mihalcea.aaai06.pdf,Semantics,,,,LIT,FALSE,,,,,,FALSE
2006,Word Sense and Subjectivity,"Janyce Wiebe, Rada Mihalcea","Conference on Computational Linguistics / Association for Computational Linguistics (COLING/ACL), 2006",http://web.eecs.umich.edu/~mihalcea/papers/wiebe.acl06.pdf,Word Sense Disambiguation,,,,LIT,FALSE,,,,,,FALSE
2006,A Corpus-based Approach to Finding Happiness,"Rada Mihalcea, Hugo Liu","AAAI Spring Symposium on Computational Approaches to Weblogs, 2006",http://web.eecs.umich.edu/~mihalcea/papers/mihalcea.aaai06ss.pdf,Humor and Emotions,,,,LIT,FALSE,,,,,,FALSE
2006,Toward Communicating Simple Sentences Using Pictorial Representations,"Rada Mihalcea, Ben Leong","Conference of the Association for Machine Translation in the Americas (AMTA), 2006",http://people.csail.mit.edu/imcgraw/links/research/pubs/ama2006/papers/014.pdf,Images and Text,,,,LIT,FALSE,,,,,,FALSE
2006,Creating a Testbed for the Evaluation of Automatically Generated Back-of-the-book Indexes,"Andras Csomai, Rada Mihalcea","Conference on Computational Linguistics and Intelligent Text Processing (CICLing), 2006",http://web.eecs.umich.edu/~mihalcea/papers/csomai.cicling06.pdf,Other,,,,LIT,TRUE,Benchmark for the Evaluation of Back-of-the-Book Indexing Systems,A benchmark for the evaluation of systems for back-of-the-book indexing.,http://web.eecs.umich.edu/~mihalcea/downloads/BackOfTheBookIndexBenchmark.tar.gz,,,FALSE
2006,NLP (Natural Language Processing) for NLP (Natural Language Programming),"Rada Mihalcea, Hugo Liu, Henry Lieberman","Conference on Computational Linguistics and Intelligent Text Processing (CICLing), 2006",http://web.eecs.umich.edu/~mihalcea/papers/mihalcea.cicling06a.pdf,Other,,,,LIT,FALSE,,,,,,FALSE
2006,Technologies that Make You Smile: Adding Humour to Text-based Applications,"Rada Mihalcea, Carlo Strapparava","IEEE Intelligent Systems, 2006",http://digital.library.unt.edu/ark:/67531/metadc30985/m2/1/high_res_d/Mihalcea-2006-Technologies_that_Make_You_Smile-Adding_Humor.pdf,Humor and Emotions,,,,LIT,FALSE,,,,,,FALSE
2006,Knowledge Based Methods for Word Sense Disambiguation,Rada Mihalcea,"Book chapter, editors Phil Edmonds and Eneko Agirre, Kluwer, 2006",,Word Sense Disambiguation,,,,LIT,FALSE,,,,,,FALSE
2006,Text Summarization for Improved Text Classification,"Rada Mihalcea, Samer Hassan","Book chapter to appear in Current Issues in Linguistic Theory: Recent Advances in Natural Language Processing, editors Nicolas Nicolov and Ruslan Mitkov, John Benjamins Publishers, 2006",http://books.google.com/books?id=P-1GqymUPIgC&lpg=PA197&ots=ULeYo_nkEp&dq=A%20Knowledge-based%20Approach%20to%20Text-to-Text%20Similarity&pg=PP1#v=onepage&q=A%20Knowledge-based%20Approach%20to%20Text-to-Text%20Similarity&f=false,Summarization,,,,LIT,FALSE,,,,,,FALSE
2006,Learning to Laugh (Automatically): Computational Models for Humor Recognition,"Rada Mihalcea, Carlo Strapparava","Journal of Computational Intelligence, 2006",,Humor and Emotions,,,,LIT,FALSE,,,,,,FALSE
2006,A Knowledge-based Approach to Text-to-Text Similarity,"Courtney Corley, Andras Csomai, Rada Mihalcea","Book chapter to appear in Current Issues in Linguistic Theory: Recent Advances in Natural Language Processing, editors Nicolas Nicolov and Ruslan Mitkov, John Benjamins Publishers, 2006",http://books.google.com/books?id=P-1GqymUPIgC&lpg=PA197&ots=ULeYo_nkEp&dq=A%20Knowledge-based%20Approach%20to%20Text-to-Text%20Similarity&pg=PP1#v=onepage&q=A%20Knowledge-based%20Approach%20to%20Text-to-Text%20Similarity&f=false,Semantics,,,,LIT,FALSE,,,,,,FALSE
2006,Random-Walk Term Weighting for Improved Text Classification,"Samer Hassan, Carmen Banea","TextGraphs Workshop: Graph-based algorithms for Natural Language Processing (HLT-NAACL), 2006",http://anthology.aclweb.org/W/W06/W06-3809.pdf,Graph-based NLP,,,,LIT,FALSE,,,,,,FALSE
2005,A Minimally Supervised Word Sense Disambiguation Algorithm Using Syntactic Dependencies and Semantic Generalizations,Ehsanul Faruque,"Master’s Thesis, December 2005",http://digital.library.unt.edu/ark:/67531/metadc4969/m2/1/high_res_d/thesis.pdf,Word Sense Disambiguation,,,,LIT,FALSE,,,,,,FALSE
2005,Building a Parallel Corpus for Quechua-Spanish,"Rada Mihalcea, Chris Loza","Conference on Indigeneous Languages from Latin America, 2005",,Other,,,,LIT,FALSE,,,,,,FALSE
2005,Unsupervised Large-Vocabulary Word Sense Disambiguation with Graph-based Algorithms for Sequence Data Labeling,Rada Mihalcea,"Joint Conference on Human Language Technology / Empirical Methods in Natural Language Processing (HLT/EMNLP), 2005",http://web.eecs.umich.edu/~mihalcea/papers/mihalcea.emnlp05a.pdf,"Word Sense Disambiguation, Graph-based NLP",,,,LIT,TRUE,GWSD: Unsupervised Graph-based Word Sense Disambiguation,GWSD is a system for unsupervised all-words graph-based word sense disambiguation.,http://web.eecs.umich.edu/~mihalcea/downloads/GWSD/GWSD.1.0.tar.gz,"September 13, 2007",,FALSE
2005,Making Computers Laugh: Investigations in Automatic Humor Recognition,"Rada Mihalcea, Carlo Strapparava","Joint Conference on Human Language Technology / Empirical Methods in Natural Language Processing (HLT/EMNLP), 2005",http://web.eecs.umich.edu/~mihalcea/papers/mihalcea.emnlp05b.pdf,Humor and Emotions,,,,LIT,FALSE,,,,,,FALSE
2005,An Language Independent Algorithm for Single and Multiple Document Summarization,"Rada Mihalcea, Paul Tarau","International Joint Conference on Natural Language Processing (IJCNLP), 2005",http://web.eecs.umich.edu/~mihalcea/papers/mihalcea.ijcnlp05.pdf,Summarization,,,,LIT,FALSE,,,,,,FALSE
2005,Parallel Texts,"Rada Mihalcea, Michel Simard","Journal of Natural Language Engineering, special issue on “Parallel Texts”, September 2005",http://digital.library.unt.edu/ark:/67531/metadc30971/m2/1/high_res_d/Mihalcea-2005-Parallel_Texts.pdf,Other,,,,LIT,FALSE,,,,,,FALSE
2005,"Text Semantic Similarity, with Applications","Courtney Corley, Andras Csomai, Rada Mihalcea","Conference on Recent Advances in Natural Language Processing (RANLP), 2005",,Semantics,,,,LIT,FALSE,,,,,,FALSE
2005,Using the Essence of Texts to Improve Document Classification,"Rada Mihalcea, Samer Hassan","Conference on Recent Advances in Natural Language Processing (RANLP), 2005",http://web.eecs.umich.edu/~mihalcea/papers/mihalcea.ranlp05.pdf,Semantics,,,,LIT,FALSE,,,,,,FALSE
2005,Computational Laughing: Automatic Recognition of Humorous One-liners,"Rada Mihalcea, Carlo Strapparava","Cognitive Science Conference (CogSci), 2005",http://digital.library.unt.edu/ark:/67531/metadc30966/,Humor and Emotions,,,,LIT,FALSE,,,,,,FALSE
2005,SenseLearner: Word Sense Disambiguation for All Words in Unrestricted Text,"Rada Mihalcea, Andras Csomai",43rd Annual Meeting of the Association for Computational Linguistics (ACL) 2005,http://web.eecs.umich.edu/~mihalcea/papers/mihalcea1.acl05.pdf,Word Sense Disambiguation,,,http://lit.csci.unt.edu/~senselearner,LIT,TRUE,SenseLearner: All-Words Word Sense Disambiguation Tool and Demo,"SenseLearner is a minimally-supervised all-words word sense disambiguation system. More details, including publications and software download, are available from the <a href=“http://lit.csci.unt.edu/~senselearner/"" target=""_blank""> SenseLearnerProject</a> webpage. Both versions 2.0 and 1.0 (beta), as well as a demo, are available. Changes in version 2.0: a client-server model that allows for significantly faster tagging; simpler input file format (the SemCor-like format is not anymore required).",http://web.eecs.umich.edu/~mihalcea/downloads/senselearner/SenseLearner2.0.tar.gz; http://web.eecs.umich.edu/~mihalcea/downloads/senselearner/SenseLearner1.0.tar.gz; http://lit.csci.unt.edu/~senselearner/demo/,"June 13, 2005; Nov 18, 2004",2.0; 1.0-beta; demo,FALSE
2005,Language Independent Extractive Summarization,Rada Mihalcea,"43rd Annual Meeting of the Association for Computational Linguistics (ACL) 2005. Also demonstrated at the American Association for Artificial Intelligence (AAAI 2005), Intelligent System Demonstrations, Pittsburgh, PA, July 2005",http://web.eecs.umich.edu/~mihalcea/papers/mihalcea2.acl05.pdf,Summarization,,,,LIT,FALSE,,,,,,FALSE
2005,Multi-Document Summarization with Iterative Graph-based Algorithms,"Rada Mihalcea, Paul Tarau","1st International Conference on Intelligent Analysis Methods and Tools (IA), 2005",http://digital.library.unt.edu/ark:/67531/metadc30970/m1/1/,"Summarization, Graph-based NLP",,,,LIT,FALSE,,,,,,FALSE
2005,Semantic Document Engineering with WordNet and PageRank,"Paul Tarau, Rada Mihalcea, Elizabeth Figa","20th Annual ACM Symposium on Applied Computing (SAC), 2005",http://digital.library.unt.edu/ark:/67531/metadc30974/m1/1/,"Semantics, Graph-based NLP",,,,LIT,FALSE,,,,,,FALSE
2005,PicNet: Pictorial Representations for Illustrated Semantic Networks,"Andy Borman, Rada Mihalcea, Paul Tarau","AAAI Spring Symposium on Knowledge Collection from Volunteer Contributors, 2005",,"Images and Text, Semantics",,,,LIT,FALSE,,,,,,FALSE
2005,"Putting Pieces Together: Combining FrameNet, VerbNet and WordNet for Robust Semantic Parsing","Lei Shi, Rada Mihalcea","6th International Conference on Intelligent Text Processing and Computational Linguistics, 2005",http://web.eecs.umich.edu/~mihalcea/papers/shi.cicling05.pdf,Semantics,,http://lit.csci.unt.edu/~spot,,LIT,TRUE,FrameNet - WordNet Verb Sense Mapping,FnWnVerbMap 1.0 download. A mapping between verb lexical units in FrameNet II and verb senses in WordNet.,http://web.eecs.umich.edu/~mihalcea/downloads/FnWnVerbMap1.0.tar.gz,,,FALSE
2005,Word Alignment for Languages with Scarce Resources,"Joel Martin, Rada Mihalcea, Ted Pedersen","ACL Workshop on Building and Exploiting Parallel Texts: Data Driven Machine Translation and Beyond, 2005",http://web.eecs.umich.edu/~mihalcea/papers/martin.acl05.wpt.pdf,Other,,,,LIT,FALSE,,,,,,FALSE
2005,Measuring the Semantic Similarity of Texts,"Courtney Corley, Rada Mihalcea","ACL Workshop on Empirical Modeling of Semantic Equivalence, 2005",http://web.eecs.umich.edu/~mihalcea/papers/corley.acl05.emsee.pdf,Semantics,,,,LIT,FALSE,,,,,,FALSE
2005,Bootstrapping for Fun: Web-based Construction of Large Data Sets for Humor Recognition,"Rada Mihalcea, Carlo Strapparava","Workshop on the Analysis of Informal and Formal Information Exchange during Negotiations (FINEXIN), 2005",,Humor and Emotions,,,,LIT,FALSE,,,,,,FALSE
2004,Making Sense Out of the Web,Rada Mihalcea,"Invited paper, Workshop on Lexical Resources and the Web for Word Sense Disambiguation (IBERAMIA), 2004",http://web.eecs.umich.edu/~mihalcea/papers/mihalcea.iberamia.2004.pdf,Word Sense Disambiguation,,,,LIT,FALSE,,,,,,FALSE
2004,A Logic Programming Framework for Semantic Interpretation with WordNet and PageRank,"Paul Tarau, Rada Mihalcea, Elizabeth Figa","4th Colloquium on Implementation of Constraint and Logic Programming Systems (CICLOPS), 2004",http://digital.library.unt.edu/ark:/67531/metadc30952/m2/1/high_res_d/Mihalcea-2004-A_Logic_Programming_Framework_for_Semantic.pdf,"Semantics, Graph-based NLP",,,,LIT,FALSE,,,,,,FALSE
2004,Teaching Computers: Building Multilingual Linguistic Resources with Volunteer Contributions over the Web,"Rada Mihalcea, Timothy Chklovski","The LISA Newsletter – Globalization Insider, September 2004",,Other,,,,LIT,FALSE,,,,,,FALSE
2004,"PageRank on Semantic Networks, with Application to Word Sense Disambiguation","Rada Mihalcea, Paul Tarau, Elizabeth Figa","20th International Conference on Computational Linguistics (CoLING), 2004",http://www.cse.unt.edu/~rada/papers/mihalcea.coling04.pdf,"Graph-based NLP, Semantics",,,,LIT,FALSE,,,,,,FALSE
2004,An Algorithm for Open Text Semantic Parsing,"Lei Shi, Rada Mihalcea","Workshop on RObust Methods in Analysis of Natural language Data (ROMAND), 2004",https://web.eecs.umich.edu/~mihalcea/papers/shi.romand04.pdf,Semantics,,,,LIT,FALSE,,,,,,FALSE
2004,Voted Co-training for Bootstrapping Sense Classifiers,Rada Mihalcea,"European Conference on Artificial Intelligence (ECAI), 2004",,Sentiment Analysis,,,,LIT,FALSE,,,,,,FALSE
2004,TextRank: Bringing Order into Texts,"Rada Mihalcea, Paul Tarau","Conference on Empirical Methods in Natural Language Processing (EMNLP), 2004",http://web.eecs.umich.edu/~mihalcea/papers/mihalcea.emnlp04.pdf,Graph-based NLP,,,,LIT,TRUE,TextRank Demo,TextRank will automatically summarize the contents of uploaded documents.,http://lit.eecs.umich.edu/~textrank/,,demo,FALSE
2004,"Graph-based Ranking Algorithms for Sentence Extraction, Applied to Text Summarization",Rada Mihalcea,42nd Annual Meeting of the Association for Computational Linguistics (ACL) 2004,http://web.eecs.umich.edu/~mihalcea/papers/mihalcea.acl2004.pdf,"Graph-based NLP, Summarization",,,,LIT,FALSE,,,,,,FALSE
2004,The Senseval-3 English Lexical Sample Task,"Rada Mihalcea, Timothy Chklovski, Adam Killgariff","ACL/SIGLEX Senseval-3, 2004",http://web.eecs.umich.edu/~mihalcea/senseval/senseval3/proceedings/pdf/mihalcea2.pdf,Sentiment Analysis,,http://www.senseval.org/senseval3/data.html,,LIT,FALSE,,,,,,FALSE
2004,The Senseval-3 Multilingual English-Hindi Lexical Sample Task,"Timothy Chklovski, Rada Mihalcea, Ted Pedersen, Amruta Purandare","ACL/SIGLEX Senseval-3, 2004",http://web.eecs.umich.edu/~mihalcea/papers/chklovski.senseval04.pdf,Sentiment Analysis,,http://www.senseval.org/senseval3/data.html,,LIT,FALSE,,,,,,FALSE
2004,An Evaluation Exercise for Romanian Word Sense Disambiguation,"Rada Mihalcea, Vivi Nastase, Timothy Chklovski, Doina Tatar, Dan Tufis, Florentina Hristea","ACL/SIGLEX Senseval-3, 2004",http://web.eecs.umich.edu/~mihalcea/senseval/senseval3/proceedings/pdf/mihalcea1.pdf,Word Sense Disambiguation,,http://www.senseval.org/senseval3/data.html,,LIT,FALSE,,,,,,FALSE
2004,SenseLearner: Minimally Supervised Word Sense Disambiguation for All Words in Open Text,"Rada Mihalcea, Ehsanul Faruque","ACL/SIGLEX Senseval-3, 2004",https://web.eecs.umich.edu/~mihalcea/papers/mihalcea3.senseval04.pdf,Word Sense Disambiguation,,,,LIT,FALSE,,,,,,FALSE
2004,UBBNBC WSD System Description,Andras Csomai,"ACL/SIGLEX Senseval-3, 2004",http://web.eecs.umich.edu/~mihalcea/senseval/senseval3/proceedings/pdf/csomai.pdf,Word Sense Disambiguation,,,,LIT,FALSE,,,,,,FALSE
2004,Building Sense Tagged Corpora with Volunteer Contributions over the Web,"Rada Mihalcea, Timothy Chklovski","Book chapter in Current Issues in Linguistic Theory: Recent Advances in Natural Language Processing, editors Nicolas Nicolov and Ruslan Mitkov, John Benjamins Publishers, 2004.",,Word Sense Disambiguation,,,,LIT,FALSE,,,,,,FALSE
2004,Co-training and Self-training for Word Sense Disambiguation,Rada Mihalcea,"Conference on Natural Language Learning (CoNLL), 2004",http://web.eecs.umich.edu/~mihalcea/papers/mihalcea.conll04.pdf,Word Sense Disambiguation,,,,LIT,FALSE,,,,,,FALSE
2004,Semantic Parsing Using FrameNet and WordNet,"Lei Shi, Rada Mihalcea","Human Language Technology Conference (HLT/NAACL), 2004",,Semantics,,,,LIT,FALSE,,,,,,FALSE
2004,Finding Semantic Associations on Express Lane,"Vivi Nastase, Rada Mihalcea","4th International Conference on Language Resources and Evaluations (LREC), 2004",https://web.eecs.umich.edu/~mihalcea/papers/nastase.lrec04.pdf,Semantics,,,,LIT,FALSE,,,,,,FALSE
2004,Knowledge Based Conversational Agents and Virtual Storytelling,"Paul Tarau, Elizabeth Figa","19th Annual ACM Symposium on Applied Computing (SAC), 2004",http://www.cse.unt.edu/~tarau/research/2003/vschat.pdf,Other,,,,LIT,FALSE,,,,,,FALSE
2004,UNT at TREC 2004: Question Answering Combining Multiple Evidences,"Jiangping Chen, He Ge, Yan Wu, Shikun Jian","30th Text REtrieval Conference (TREC), 2004",http://digital.library.unt.edu/ark:/67531/metadc96842/m1/7/,Other,,,,LIT,FALSE,,,,,,FALSE
2004,Unsupervised Natural Language Disambiguation Using Non-Ambiguous Words,Rada Mihalcea,"Book chapter in Current Issues in Linguistic Theory: Recent Advances in Natural Language Processing, editors Nicolas Nicolov and Ruslan Mitkov, John Benjamins Publishers, 2004",https://books.google.com/books?hl=en&lr=&id=hZs6AAAAQBAJ&oi=fnd&pg=PA387&ots=BTMA6skqSs&sig=5Z-3jX1NA4dKiS3a5-Jz_o7nwtg#v=onepage&q&f=false,Word Sense Disambiguation,,,,LIT,FALSE,,,,,,FALSE
2004,Knowledge Based Methods for Word Sense Disambiguation,Rada Mihalcea,"Book chapter in Word Sense Disambiguation: Algorithms, Applications, and Trends, editors Phil Edmonds and Eneko Agirre, Kluwer, 2004",,Word Sense Disambiguation,,,,LIT,FALSE,,,,,,FALSE
2003,Lexical Inference Mechanisms for Text Understanding and Classification,"Elizabeth Figa, Paul Tarau","American Society for Information Science and Technology (ASIST), 2003",http://www.cse.unt.edu/~tarau/research/2003/figa_tarau_asis_wnet.pdf,Other,,,,LIT,FALSE,,,,,,FALSE
2003,Building Multilingual Semantic Networks with Non-Expert Contributions over the Web,"Nathaniel Ayewah, Rada Mihalcea, Vivi Nastase","Workshop on Distributed and Collaborative Knowledge Capture (KCAP), 2003",http://web.eecs.umich.edu/~mihalcea/papers/ayewah.kcap03.pdf,Other,http://lit.csci.unt.edu/~sdsmu/RSDnet/home.html,,,LIT,FALSE,,,,,,FALSE
2003,The Role of Non-Ambiguous Words in Natural Language Disambiguation,Rada Mihalcea,"Conference on Recent Advances in Natural Language Processing (RANLP), 2003",https://web.eecs.umich.edu/~mihalcea/papers/mihalcea.ranlp03.pdf,Word Sense Disambiguation,,,,LIT,FALSE,,,,,,FALSE
2003,Exploiting Agreement and Disagreement of Human Annotators for Word Sense Disambiguation,"Tim Chklovski, Rada Mihalcea","Conference on Recent Advances in Natural Language Processing (RANLP), 2003",https://web.eecs.umich.edu/~mihalcea/papers/chklovski.ranlp03.pdf,Word Sense Disambiguation,http://teach-computers.org/,http://www.cse.unt.edu/~rada/downloads.html#omwe,,LIT,FALSE,,,,,,FALSE
2003,Agents and Ambient Intelligence in the Jinni Infrastructure,"Paul Tarau, Azzedine Boukerche","International Workshop on Ambient Intelligence Computing, 2003",,Other,,,,LIT,FALSE,,,,,,FALSE
2003,An Evaluation Exercise for Word Alignment,"Rada Mihalcea, Ted Pedersen","HLT/NAACL Workshop on Building and Using Parallel Texts: Data Driven Machine Translation and Beyond, 2003",http://web.eecs.umich.edu/~mihalcea/wpt/papers/pdf/Mihalcea.pdf,Other,,,,LIT,FALSE,,,,,,FALSE
2003,Open Mind Word Expert: Creating Large Annotated Data Collections with Web Users Help,"Rada Mihalcea, Tim Chklovski","EACL Workshop on Linguistically Annotated Corpora, 2003",http://www.anthology.aclweb.org/W/W03/W03-2408.pdf,Other,,http://www.cse.unt.edu/~rada/downloads.html#omwe,,LIT,FALSE,,,,,,FALSE
2003,Story Traces and Projections: Exploring the Patterns of Storytelling,"Elizabeth Figa, Paul Tarau","1st International Conference on Technologies for Digital Storytelling and Entertainment (TIDSE), 2003",http://www.cse.unt.edu/~tarau/research/2002/figa_tarau_wnet_tidse.pdf,Other,,,,LIT,FALSE,,,,,,FALSE
2003,The VISTA Project: An Agent Architecture for Virtual Interactive Storytelling,Elizabeth Figa and Paul Tarau,"1st International Conference on Technologies for Digital Storytelling and Entertainment (TIDSE), 2003",http://www.cse.unt.edu/~tarau/research/2002/figa_tarau_vista_agents_tidse.pdf,Other,,,,LIT,FALSE,,,,,,FALSE
2003,Performance Analysis of a Part of Speech Tagging Task,Rada Mihalcea,"4th International Conference on Intelligent Text Processing and Computational Linguistics (CICLING), 2003",http://digital.library.unt.edu/ark:/67531/metadc30950/m2/1/high_res_d/Mihalcea-2003-Performance_Analysis_of_a_Part_of_Speech.pdf,Other,,,,LIT,FALSE,,,,,,FALSE
2003,An Automatic Method for Diacritics Reinsertion in Romanian Texts,"Rada Mihalcea, Vivi Nastase","Book chapter in Romanian Language in the Information and Knowledge Society, editors Dan Tufis, Florin Gh. Filip, Romanian Academy, pg. 193-208",,Other,,,,LIT,FALSE,,,,,,FALSE
2003,Turning WordNet into an Information Retrieval Resource: Systematic Polysemy and Conversion to Hierarchical Codes,Rada Mihalcea,"International Journal of Pattern Recognition and Artificial Intelligence, 2003",,Other,,,,LIT,FALSE,,,,,,FALSE
2002,Going Beyond Explicit Knowledge for Improved Semantic Based Information Retrieval,Rada Mihalcea,"International Journal on Artificial Intelligence Tools (IJAIT), December 2002",,Semantics,,,,LIT,FALSE,,,,,,FALSE
2002,Word Sense Disambiguation Using Pattern Learning and Automatic Feature Selection,Rada Mihalcea,"Journal of Natural Language and Engineering (JNLE), December 2002",https://web.eecs.umich.edu/~mihalcea/papers/mihalcea.jnle02.pdf,Word Sense Disambiguation,,,,LIT,FALSE,,,,,,FALSE
2002,Classifiers Stacking and Voting for Text Classification,Rada Mihalcea,"11th Text REtrieval Conference (TREC), 2002",https://web.eecs.umich.edu/~mihalcea/papers/mihalcea.trec02.pdf,Other,,,,LIT,FALSE,,,,,,FALSE
2002,Letter Level Learning for Language Independent Diacritics Restoration,"Rada Mihalcea, Vivi Nastase","6th Conference on Natural Language Learning (CoNLL), 2002",http://digital.library.unt.edu/ark:/67531/metadc30944/m2/1/high_res_d/Mihalcea-2002-Letter_Level_Learning_for_Language_Independent.pdf,Other,,,,LIT,FALSE,,,,,,FALSE
2002,Instance Based Learning with Automatic Feature Selection Applied to Word Sense Disambiguation,Rada Mihalcea,"19th International Conference on Computational Linguistics (COLING), 2002",http://digital.library.unt.edu/ark:/67531/metadc30943/m2/1/high_res_d/Mihalcea-2002-Instance_Based_Learning_with_Automatic_Feature.pdf,Word Sense Disambiguation,,,,LIT,FALSE,,,,,,FALSE
2002,Building a Sense Tagged Corpus with Open Mind Word Expert,"Timothy Chklovski, Rada Mihalcea","ACL Workshop on “Word Sense Disambiguation: Recent Successes and Future Directions”, 2002",http://web.eecs.umich.edu/~mihalcea/papers/chklovski.aclwsd02.pdf,Word Sense Disambiguation,,http://www.cse.unt.edu/~rada/downloads.html#omwe,,LIT,FALSE,,,,,,FALSE
2002,Open Mind Word Expert: Creating Large Data Collections with Web Users Help,"Tim Chklovski, Rada Mihalcea","DLib Magazine, June 2002",http://www.dlib.org/dlib/june02/06inbrief.html#CHKLOVSKI,Other,,,,LIT,FALSE,,,,,,FALSE
2002,The Semantic Wildcard,Rada Mihalcea,"LREC Workshop on “Using Semantics for Information Retrieval and Filtering: State of the Art and Future Research”, 2002",http://web.eecs.umich.edu/~mihalcea/papers/mihalcea.lrec.nlpir02.pdf,Semantics,,,,LIT,TRUE,QA Data Set: Annotated Questions,"Annotations for about 5,500 questions used in an analysis of information requests. Questions are drawn from the Excite log, respectively the TREC QA benchmark.",http://web.eecs.umich.edu/~mihalcea/downloads/qadata/Excite.what.annotated.gz; http://lit.eecs.umich.edu/research/downloads/Which; http://web.eecs.umich.edu/~mihalcea/downloads/qadata/TREC.what.annotated.gz; http://web.eecs.umich.edu/~mihalcea/downloads/qadata/TREC.which.annotated.gz; http://web.eecs.umich.edu/~mihalcea/downloads/qadata/Excite.what.questiontypes.gz; http://web.eecs.umich.edu/~mihalcea/downloads/qadata/Excite.which.questiontypes.gz; http://web.eecs.umich.edu/~mihalcea/downloads/qadata/TREC.what.questiontypes.gz; http://web.eecs.umich.edu/~mihalcea/downloads/qadata/TREC.which.questiontypes.gz,,Excite What - annotated data; Excite Which - annotated data; TREC What - annotated data; TREC Which - annotated data; Excite What - question types; Excite Which - question types; TREC What - question types; TREC Which - question types,FALSE
2002,Bootstrapping Large Sense Tagged Corpora,Rada Mihalcea,"3rd International Conference on Languages Resources and Evaluations (LREC), 2002",https://web.eecs.umich.edu/~mihalcea/papers/mihalcea.lrec02.pdf,Word Sense Disambiguation,,,,LIT,FALSE,,,,,,FALSE
2002,Diacritics Restoration: Learning from Letters versus Learning from Words,Rada Mihalcea,"3rd International Conference on Intelligent Text Processing and Computational Linguistics (CICLING), 2002",,Other,,,,LIT,FALSE,,,,,,FALSE
,,,,,Computational Social Science,,,,LIT,TRUE,State-level Blog Scraping Tool,"This software package can be used to analyze and download Blogger profiles, blogs and associated posts. The data is broken down into parts (e.g. user gender, blog title etc.) and stored in respective MySQL database tables/columns.",https://github.com/costaspappus/Blogs-Scraper,"February 12, 2016",,FALSE
,,,,,Romanian Resources,,,,LIT,TRUE,Romanian Newspaper Corpus,"Romanian corpus of newspaper articles (and two novels), 50 mil. words. [research purpose only – send a request to mihalcea at umich.edu]",,,,FALSE
,,,,,Romanian Resources,,,,LIT,TRUE,Romanian Sense Tagged Data,39 ambiguous words,http://www.senseval.org/senseval3/data.html,,,FALSE
,,,,,Romanian Resources,,,,LIT,TRUE,Romanian-English Parallel Texts,"Romanian-English parallel texts, sentence-aligned, 1 mil. words (each side). [research purpose only – send a request to mihalcea at umich.edu]",http://web.eecs.umich.edu/~mihalcea/wpt/data.protected/Romanian-English.training.tar.gz,,,FALSE
,,,,,Romanian Resources,,,,LIT,TRUE,"Romanian-English Word Aligned Data, Part 1",,http://web.eecs.umich.edu/~mihalcea/wpt/data/Romanian-English.test.tar.gz,2003,,FALSE
,,,,,Romanian Resources,,,,LIT,TRUE,"Romanian-English Word Aligned Data, Part 2",,http://web.eecs.umich.edu/~mihalcea/wpt05/data/Romanian-English.test.tar.gz,2005,,FALSE
,,,,,Romanian Resources,,,,LIT,TRUE,Romanian-English Dictionary,"38,000 entries",http://web.eecs.umich.edu/~mihalcea/downloads/RoNLP/R.E.tralex,,,FALSE
,,,,,Romanian Resources,,,,LIT,TRUE,Other,"For other resources and tools, see the HLT-NAACL 2003 Workshop <a href=""http://web.eecs.umich.edu/~mihalcea/wpt/"" target=""_blank""> page</a>.",,,,FALSE
,,,,,Word Sense Disambiguation,,,,LIT,TRUE,Open Mind Word Expert 1.0,"Sense tagged data for 288 nouns, created within the <a href=“http://users.sussex.ac.uk/~robk/OpenMind/template/english/index.html"" target=""_blank"">Open Mind Word Expert</a> framework during one year of activity.",http://web.eecs.umich.edu/~mihalcea/downloads/OMWE/OMWE1.0.English.tar.gz,,,FALSE
,,,,,Word Sense Disambiguation,,,,LIT,TRUE,Open Mind Word Expert 2.0,"Sense tagged data for nouns, verbs, adjectives, created within the Open Mind Word Expert framework. These data sets were used during the <a href=""http://www.senseval.org/senseval3/"" target=""_blank"">Senseval-3</a> evaluations. This download includes data for 39 ambiguous words in Romanian, 57 ambiguous words in English (annotated with WordNet/Wordsmyth senses), and 41 English words annotated with their corresponding Hindi translation.",http://www.senseval.org/senseval3/data.html,,,FALSE
,,,,,Word Sense Disambiguation,,,,LIT,TRUE,TWA Sense Tagged Data,"Sense tagged data for six words with two-way ambiguities (bass, crane, motion, palm, plant, tank).",http://web.eecs.umich.edu/~mihalcea/downloads/TWA/TWA.tar.gz,,,FALSE
,,,,,Other,,,,LIT,TRUE,Word Alignment Resources,"Word aligned data for Romanian-English and English-French, parallel texts for training, and code for word alignment evaluation is available from the HLT/NAACL 2003 workshop <a href=""http://web.eecs.umich.edu/~mihalcea/wpt"" target=""_blank"">page</a>.",,,,FALSE
,,,,,Semantics,,,,LIT,TRUE,SemCor,"Texts semantically annotated with WordNet 1.6 senses (created at Princeton University), and automatically mapped to WordNet 1.7 and WordNet 1.7.1.",http://web.eecs.umich.edu/~mihalcea/downloads/semcor/semcor1.6.tar.gz; http://web.eecs.umich.edu/~mihalcea/downloads/semcor/semcor1.7.tar.gz; http://web.eecs.umich.edu/~mihalcea/downloads/semcor/semcor1.7.1.tar.gz; http://web.eecs.umich.edu/~mihalcea/downloads/semcor/semcor2.0.tar.gz; http://web.eecs.umich.edu/~mihalcea/downloads/semcor/semcor2.1.tar.gz; http://web.eecs.umich.edu/~mihalcea/downloads/semcor/semcor3.0.tar.gz,,SemCor 1.6; SemCor 1.7; SemCor 1.7.1; SemCor 2.0; SemCor 2.1; SemCor 3.0,FALSE
,,,,,Semantics,,,,LIT,TRUE,WordNet Mappings,Provided are several WordNet mappings.,http://web.eecs.umich.edu/~mihalcea/downloads/wordnet.mappings/synset.mapping.wn1.6.wn1.7.gz; http://web.eecs.umich.edu/~mihalcea/downloads/wordnet.mappings/synset.mapping.wn1.6.wn1.7.1.gz; http://web.eecs.umich.edu/~mihalcea/downloads/wordnet.mappings/synset.mapping.wn1.7.wn1.7.1.gz; http://web.eecs.umich.edu/~mihalcea/downloads/wordnet.mappings/synset.mapping.wn1.6.wn2.0.gz; http://web.eecs.umich.edu/~mihalcea/downloads/wordnet.mappings/synset.mapping.wn1.7.1.wn2.0.gz,,WordNet 1.6-1.7; WordNet 1.6-1.7.1; WordNet 1.7-1.7.1; WordNet 1.6-2.0; WordNet 1.7.1-2.0,FALSE
,,,,,Semantics,,,,LIT,TRUE,Senseval-2 and Senseval-3,Senseval-2 and Senseval-3 English All-Words Data Converted into SemCor Format,http://web.eecs.umich.edu/~mihalcea/downloads/senseval.semcor/senseval2.semcor.tar.gz; http://web.eecs.umich.edu/~mihalcea/downloads/senseval.semcor/senseval3.semcor.tar.gz,,Senseval-2; Senseval-3,FALSE
,,,,,Other,,,,LIT,TRUE,Text Filtering,"Evaluation software for text filtering systems, implements the normalized utility, F-measure, precision, and recall, as defined in the TREC 2002 Filtering task. Straightforward usage, follows closely the TREC 2002 Filtering guidelines.",http://web.eecs.umich.edu/~mihalcea/downloads/filter_eval.pl,,,FALSE
,,,,,Semantics,,,,LIT,TRUE,Wikify Demo,Wikify identifies keywords in documents and turns them into Wikipedia-style links.,http://lit.eecs.umich.edu/~wikify/,,demo,FALSE
,,,,,Computational Social Science,,,,LIT,TRUE,GeoLIWC Demo,GeoLIWC visualizes geographical distributions of LIWC categories in the United States.,http://lit.eecs.umich.edu/~geoliwc/,,demo,FALSE
,,,,,,,,,,,,,,,,
,,,,,,,,,,,,,,,,
,,,,,,,,,,,,,,,,
,,,,,,,,,,,,,,,,
,,,,,,,,,,,,,,,,
,,,,,,,,,,,,,,,,
,,,,,,,,,,,,,,,,
,,,,,,,,,,,,,,,,
,,,,,,,,,,,,,,,,
,,,,,,,,,,,,,,,,
,,,,,,,,,,,,,,,,
,,,,,,,,,,,,,,,,
,,,,,,,,,,,,,,,,
,,,,,,,,,,,,,,,,
,,,,,,,,,,,,,,,,
,,,,,,,,,,,,,,,,
,,,,,,,,,,,,,,,,
,,,,,,,,,,,,,,,,